{
    "classifier": {
        "model": "Random Forest Classifier",
        "train_samples": 278942,
        "test_samples": 69736,
        "accuracy": 1.0,
        "f1_macro": 0.9999,
        "f1_weighted": 1.0,
        "precision_weighted": 1.0,
        "recall_weighted": 1.0,
        "feature_importances": {
            "growth_rate": 0.9875,
            "Year": 0.0015,
            "Latitude": 0.0049,
            "Longitude": 0.0036,
            "System_enc": 0.0011,
            "Region_enc": 0.0014
        },
        "class_distribution": {
            "Growing": 160838,
            "Declining": 159519,
            "Stable": 28321
        },
        "classification_report": {
            "Declining": {
                "precision": 1.0,
                "recall": 0.9999686559679037,
                "f1-score": 0.9999843277383359,
                "support": 31904.0
            },
            "Stable": {
                "precision": 0.9994706193753309,
                "recall": 1.0,
                "f1-score": 0.9997352396081546,
                "support": 5664.0
            },
            "Growing": {
                "precision": 1.0,
                "recall": 0.9999378264113404,
                "f1-score": 0.9999689122392514,
                "support": 32168.0
            },
            "accuracy": 0.9999569806125961,
            "macro avg": {
                "precision": 0.9998235397917771,
                "recall": 0.9999688274597481,
                "f1-score": 0.9998961598619139,
                "support": 69736.0
            },
            "weighted avg": {
                "precision": 0.9999570033862262,
                "recall": 0.9999569806125961,
                "f1-score": 0.9999569857493503,
                "support": 69736.0
            }
        },
        "confusion_matrix": [
            [
                31903,
                1,
                0
            ],
            [
                0,
                5664,
                0
            ],
            [
                0,
                2,
                32166
            ]
        ],
        "label_map": {
            "0": "Declining",
            "1": "Stable",
            "2": "Growing"
        }
    },
    "time_series": {
        "model": "ARIMA(1,1,1) Time Series Forecaster",
        "arima_order": [
            1,
            1,
            1
        ],
        "species_evaluated": 4,
        "forecast_horizon_years": 5,
        "avg_mae": 29140.9686,
        "avg_rmse": 52988.2694,
        "per_species": {
            "Abramis_brama": {
                "mae": 112387.4438,
                "rmse": 207775.0342,
                "forecast": {
                    "2015": 515152.81,
                    "2016": 227809.01,
                    "2017": 515152.81,
                    "2018": 227809.01,
                    "2019": 515152.8
                }
            },
            "Acanthis_flammea": {
                "mae": 4159.5804,
                "rmse": 4159.6564,
                "forecast": {
                    "2021": 1429.22,
                    "2022": 1436.33,
                    "2023": 1436.37,
                    "2024": 1436.37,
                    "2025": 1436.37
                }
            },
            "Acanthopagrus_butcheri": {
                "mae": 1.3892,
                "rmse": 2.4372,
                "forecast": {
                    "2009": 4.76,
                    "2010": 4.87,
                    "2011": 4.83,
                    "2012": 4.85,
                    "2013": 4.84
                }
            },
            "Abrothrix_longipilis": {
                "mae": 15.4608,
                "rmse": 15.9499,
                "forecast": {
                    "1999": 8.72,
                    "2000": 7.28,
                    "2001": 7.83,
                    "2002": 7.62,
                    "2003": 7.7
                }
            }
        }
    }
}