{
    "classifier": {
        "model": "Random Forest Classifier (Baseline)",
        "total_samples": 348678,
        "cv_folds": 5,
        "cv_strategy": "StratifiedKFold",
        "features_used": [
            "Year",
            "Latitude",
            "Longitude",
            "System_enc",
            "Region_enc"
        ],
        "data_leakage_fixed": true,
        "leakage_note": "Removed 'growth_rate' from features \u2014 it was previously used to generate labels (data leakage)",
        "accuracy": {
            "mean": 0.5678,
            "std": 0.0009,
            "fold_values": [
                0.5671,
                0.5696,
                0.5673,
                0.5671,
                0.568
            ]
        },
        "f1_macro": {
            "mean": 0.4631,
            "std": 0.0028,
            "fold_values": [
                0.462,
                0.4647,
                0.4581,
                0.4647,
                0.4657
            ]
        },
        "f1_weighted": {
            "mean": 0.5562,
            "std": 0.001,
            "fold_values": [
                0.5554,
                0.5579,
                0.555,
                0.5559,
                0.5567
            ]
        },
        "precision_weighted": {
            "mean": 0.569,
            "std": 0.0014,
            "fold_values": [
                0.5685,
                0.5707,
                0.567,
                0.5684,
                0.5703
            ]
        },
        "recall_weighted": {
            "mean": 0.5678,
            "std": 0.0009,
            "fold_values": [
                0.5671,
                0.5696,
                0.5673,
                0.5671,
                0.568
            ]
        },
        "feature_importances": {
            "Year": 0.1836,
            "Latitude": 0.3826,
            "Longitude": 0.3561,
            "System_enc": 0.0527,
            "Region_enc": 0.0249
        },
        "class_distribution": {
            "Growing": 160838,
            "Declining": 159519,
            "Stable": 28321
        },
        "classification_report_cv": {
            "Declining": {
                "precision": 0.5684728493689939,
                "recall": 0.6155881117609815,
                "f1-score": 0.5910930930388643,
                "support": 159519.0
            },
            "Stable": {
                "precision": 0.5863303752140744,
                "recall": 0.1329755305250521,
                "f1-score": 0.21678563205157725,
                "support": 28321.0
            },
            "Growing": {
                "precision": 0.5664454473055481,
                "recall": 0.5970044392494311,
                "f1-score": 0.5813236144366783,
                "support": 160838.0
            },
            "accuracy": 0.5678161512914495,
            "macro avg": {
                "precision": 0.5737495572962055,
                "recall": 0.4485226938451549,
                "f1-score": 0.4630674465090399,
                "support": 348678.0
            },
            "weighted avg": {
                "precision": 0.5689881089964383,
                "recall": 0.5678161512914495,
                "f1-score": 0.5561839074807294,
                "support": 348678.0
            }
        },
        "confusion_matrix_cv": [
            [
                98198,
                1428,
                59893
            ],
            [
                10954,
                3766,
                13601
            ],
            [
                63588,
                1229,
                96021
            ]
        ],
        "label_map": {
            "0": "Declining",
            "1": "Stable",
            "2": "Growing"
        }
    },
    "time_series": {
        "model": "ARIMA(2,1,1) Time Series Forecaster",
        "arima_order": [
            2,
            1,
            1
        ],
        "species_evaluated": 4,
        "forecast_horizon_years": 6,
        "avg_mae": 4867817.06,
        "avg_rmse": 6486814.4082,
        "per_species": {
            "Acanthis_flammea": {
                "mae": 3970.9514,
                "rmse": 3972.4194,
                "forecast": {
                    "2026": 2196.02,
                    "2027": 2196.66,
                    "2028": 2196.72,
                    "2029": 2196.76,
                    "2030": 2196.77,
                    "2031": 2196.77
                }
            },
            "Aegithalos_caudatus": {
                "mae": 38.5988,
                "rmse": 40.9585,
                "forecast": {
                    "2026": 168.27,
                    "2027": 168.27,
                    "2028": 168.27,
                    "2029": 168.27,
                    "2030": 168.27,
                    "2031": 168.27
                }
            },
            "Gadus_morhua": {
                "mae": 18855049.5571,
                "rmse": 25277578.8422,
                "forecast": {
                    "2026": 955804.44,
                    "2027": 977689.56,
                    "2028": 961317.44,
                    "2029": 973558.11,
                    "2030": 964408.63,
                    "2031": 971246.82
                }
            },
            "Alauda_arvensis": {
                "mae": 612209.1327,
                "rmse": 665665.4127,
                "forecast": {
                    "2026": 447272.65,
                    "2027": 502235.46,
                    "2028": 552932.95,
                    "2029": 599696.14,
                    "2030": 642830.33,
                    "2031": 682617.16
                }
            }
        }
    }
}